"Absolutely love this product, works perfectly!",5
"Pretty good overall but had some minor issues.",4
"It’s okay, nothing special but does the job.",3
"Very disappointed, broke after a week.",1
"Exceeded my expectations, highly recommend!",5
"Good quality but a bit overpriced.",4
"Average product, not bad but not great.",3
"Terrible experience, would not buy again.",1
"Fantastic value for the money!",5
"Works fine but shipping was slow.",3
"Great product, I use it every day.",5
"Not as described, very misleading.",2
"Decent quality but could be improved.",3
"Excellent build and performance.",5
"Stopped working after a month.",2
"Super easy to use and very reliable.",5
"It’s fine but I expected more features.",3
"Horrible quality, completely useless.",1
"Very satisfied with this purchase.",5
"Good but has some flaws.",4
"Does exactly what it says, no complaints.",5
"Cheaply made, not worth the price.",2
"Average experience overall.",3
"I love it, would definitely buy again.",5
"Not impressed, feels low quality.",2
"Solid performance and good design.",4
"Terrible packaging and damaged item.",1
"Works well but instructions were unclear.",3
"Great customer service and fast delivery.",5
"Not worth the hype.",2
"Very durable and well made.",5
"Okay product, but shipping took forever.",3
"Really bad quality, broke instantly.",1
"Impressive features and easy setup.",5
"Does the job but nothing special.",3
"Great for the price, highly recommend.",5
"Product arrived late and defective.",1
"Nice design but poor functionality.",2
"Very happy with this purchase.",5
"Mediocre at best.",3
"Fantastic product, will buy again.",5
"Not good, stopped working quickly.",2
"Excellent value and performance.",5
"Works as expected, nothing more.",3
"Extremely poor quality, avoid.",1
"Really good, just a bit expensive.",4
"Highly reliable and efficient.",5
"It’s fine but I wouldn’t repurchase.",3
"Awful experience, completely dissatisfied.",1
"Pretty solid, does what it should.",4